code,chapter,item,unit,total_cop
0010101,ADECUACION LOTE,Disposicion final de raices (ASUMIDO),und,40883646.19783369
0010104,ADECUACION LOTE,Adecuacion carreteable (ASUMIDO),m3,19939512.176312476
0010106,ADECUACION LOTE,Cerramiento temporal en teja de zing (ASUMIDO),m2,20039426.216218766
0010108,ADECUACION LOTE,Localizacion y replanteo,dia,127444387.06079562
0010109,ADECUACION LOTE,Mantenimiento de vía externa,mes,3648051.0336470013
0010201,INSTALACIONES PROVISIONALES,Campamento provisional de obra,und,51031602.611924484
0010301,REDES PROVISIONALES,Red electrica provisional externa (ASUMIDO),und,100000000.00000001
0010303,REDES PROVISIONALES,Red acueducto / alcantarillado provisional (ASUMIDO),und,11162969.94802737
4010802,PAISAJISMO GENERAL,"Grama externa para zonas verdes al lado de los andenes a lado y lado de la via, grama en zona esterna de porteria al pie de cerramiento y taludes de corte y lleno generados en el movimiento de tierra.",m2,62587576.518132284
4010901,CERRAMIENTOS PERIMETRALES GENERALES,Cerramiento en tuberia en acero + talon en concreto 20x40 + viga de fundacion 30x30 + micropilotes  cada 2m diametro,m,225937462.5058093
4010903,CERRAMIENTOS PERIMETRALES GENERALES,Cerramiento en poste inmunizado mas malla eslabonada,m,122037913.04763523
4010904,CERRAMIENTOS PERIMETRALES GENERALES,"Cerramiento en eugenio (3 Eugenios por metro lineal, altura 50cm)",m,67887765.89862643
4011002,ZONAS DE BIENESTAR GENERALES,Parque infantil,und,21481183.706527006
4011003,ZONAS DE BIENESTAR GENERALES,Puente en madera inmunizada,m,20368640.0
4011102,VARIOS URBANISMO GENERAL,Totem informativo,und,11907133.757666063
4020100,URBANISMO - MOVIMIENTO DE TIERRA,EXCAVACIONES,,163942018.48573986
4020101,URBANISMO - MOVIMIENTO DE TIERRA,Excavacion cargue y botada interna de tierra medido en sitio,m3,130432508.49397781
4020103,URBANISMO - MOVIMIENTO DE TIERRA,Conformacion de material de excavacion en sitio de disposicion,m3,33509509.99176205
4020200,URBANISMO - MOVIMIENTO DE TIERRA,LLENOS,,59476360.24759418
4020202,URBANISMO - MOVIMIENTO DE TIERRA,Perfilacion y compactacion de subrasante,m2,19078584.384957314
4020203,URBANISMO - MOVIMIENTO DE TIERRA,Lleno material de reemplazo con limo interno,m3,40397775.862636864
4030000,URBANISMO - MOVIMIENTO DE TIERRA,URBANISMO  - VIA,,1613277912.3011038
4030100,URBANISMO - MOVIMIENTO DE TIERRA,ESTRUCTURA,,1161104686.307778
4030101,URBANISMO - MOVIMIENTO DE TIERRA,Suministro transporte y colocación de base granular,m3,425460213.69271183
4030104,URBANISMO - MOVIMIENTO DE TIERRA,Suministro transporte y colocación de cordon de las vias 35cm 3 caras,m,137277868.4104126
4030105,URBANISMO - MOVIMIENTO DE TIERRA,Imprimacion con emulsion asfaltica,m2,25076352.515895143
4030106,URBANISMO - MOVIMIENTO DE TIERRA,Suministro y colocacion de pavimento,m3,529363858.8403796
4030107,URBANISMO - MOVIMIENTO DE TIERRA,Suministro y colocacion de geomala biaxial pbx 20-20,m2,43926392.84837854
4030200,URBANISMO - MOVIMIENTO DE TIERRA,FILTROS,,87929474.52989215
4030201,URBANISMO - MOVIMIENTO DE TIERRA,Filtro con alveodren colector 50 cm (solo en el pie de talud de corte),m,87929474.52989215
4030300,URBANISMO - MOVIMIENTO DE TIERRA,CUNETAS,,17280244.51578722
4030301,URBANISMO - MOVIMIENTO DE TIERRA,Cuneta en geomembrana calibre 20 (ronda de coronacion) (0.25m x 0.35m x 0.25m),m,17280244.51578722
4030400,URBANISMO - MOVIMIENTO DE TIERRA,ANDENES,,335603145.75864947
4030401,URBANISMO - MOVIMIENTO DE TIERRA,Andenes en concreto e:10 cm + Lineas de adoquin + Base + malla electrosoldada XX-84,m2,335603145.75864947
4030500,URBANISMO - MOVIMIENTO DE TIERRA,VARIOS URBANISMO  - VIA,,11360361.18899701
4030501,URBANISMO - MOVIMIENTO DE TIERRA,Señalizacion horizontal y vertical (ASUMIDO),und,11360361.18899701
4040000,URBANISMO - MOVIMIENTO DE TIERRA,URBANISMO - RED ACUEDUCTO,,225131573.83299515
4040100,URBANISMO - MOVIMIENTO DE TIERRA,RED DE DISTRIBUCION DE ACUEDUCTO,,225131573.83299515
4040101,URBANISMO - MOVIMIENTO DE TIERRA,Excavacion mecanica entre 0-2 m,m3,6057165.315355681
4040103,URBANISMO - MOVIMIENTO DE TIERRA,Cargue y botada interno de tierra medido en sitio,m3,741971.4480885408
4040105,URBANISMO - MOVIMIENTO DE TIERRA,Lleno material  de reemplazo con arenilla,m3,15175750.041812139
4040106,URBANISMO - MOVIMIENTO DE TIERRA,Lleno material de excavacion,m3,7276987.168513783
4040107,URBANISMO - MOVIMIENTO DE TIERRA,Tuberia PEAD 90mm PE100 PN 16,m,75117398.00840195
4040108,URBANISMO - MOVIMIENTO DE TIERRA,Valvula compuerta HD 75mm,und,22635085.00781809
4040110,URBANISMO - MOVIMIENTO DE TIERRA,Valvula ventosa 25mm,und,4953754.317848491
4040112,URBANISMO - MOVIMIENTO DE TIERRA,Suministro e instalacion de tee PEAD 90mm,und,3514814.893337112
4040113,URBANISMO - MOVIMIENTO DE TIERRA,Suministro e instalacion de tapon PEAD 90mm,und,1923418.6315703853
4040114,URBANISMO - MOVIMIENTO DE TIERRA,Suministro e instalacion de codo 90° PEAD 90mm,und,2502140.9576391815
4040115,URBANISMO - MOVIMIENTO DE TIERRA,Caja para valvula,und,16163120.775551006
4040117,URBANISMO - MOVIMIENTO DE TIERRA,Domiciliar tuberia,und,28799999.99999999
4040118,URBANISMO - MOVIMIENTO DE TIERRA,"Hidrante 3""",und,11967828.301381905
4040120,URBANISMO - MOVIMIENTO DE TIERRA,Concreto atraque tuberia,m3,1691519.353240589
4040121,URBANISMO - MOVIMIENTO DE TIERRA,Acero de refuerzo obras de urbanismo,kg,1377860.1200859922
4040122,URBANISMO - MOVIMIENTO DE TIERRA,Presurizacion,m,7414014.369513338
4040123,URBANISMO - MOVIMIENTO DE TIERRA,Lavada y desinfeccion,m,9748829.970289562
4040124,URBANISMO - MOVIMIENTO DE TIERRA,Macromedidor (incluye caja),und,8069915.152547375
4050000,URBANISMO - MOVIMIENTO DE TIERRA,URBANISMO - RED ALCANTARILLADO RESIDUALES,,785441152.9389455
4050100,URBANISMO - MOVIMIENTO DE TIERRA,RED ALCANTARILLADO RESIDUALES,,575858701.2045212
4050101,URBANISMO - MOVIMIENTO DE TIERRA,Excavacion mecanica entre 0-2 m,m3,32465674.647717338
4050102,URBANISMO - MOVIMIENTO DE TIERRA,Excavacion mecanica entre 2-4 m,m3,23196613.581155997
4050105,URBANISMO - MOVIMIENTO DE TIERRA,Cargue y botada de material interno,m3,1243041.3033730004
4050106,URBANISMO - MOVIMIENTO DE TIERRA,Entibados de madera para excavacion de brechas de las redes,m2,25820145.394167047
4050108,URBANISMO - MOVIMIENTO DE TIERRA,Lleno material de reemplazo con limo interno,m3,95669169.83267814
4050111,URBANISMO - MOVIMIENTO DE TIERRA,"Lleno material granular triturado 3/4"" para cimentacion tuberias",m3,44777782.20035199
4050112,URBANISMO - MOVIMIENTO DE TIERRA,"Tuberia novafort 6""",m,23745423.047648676
4050113,URBANISMO - MOVIMIENTO DE TIERRA,"Tuberia novafort 8""",m,65243264.957972854
4050124,URBANISMO - MOVIMIENTO DE TIERRA,Cilindro vaciado para camaras de inspeccion d=1.2 m,m,17213784.370768704
4050125,URBANISMO - MOVIMIENTO DE TIERRA,Cilindro prefabricado para camaras de inspeccion d= 1.2 m,m,49159816.98609738
4050126,URBANISMO - MOVIMIENTO DE TIERRA,Cono prefabricado para camaras de inspeccion d=1.2 m,und,23072847.25479128
4050127,URBANISMO - MOVIMIENTO DE TIERRA,Cuello prefabricado para camaras de inspeccion d=1.2 m,und,13233931.401162064
4050128,URBANISMO - MOVIMIENTO DE TIERRA,Tapa prefabricado para camaras de inspeccion d=1.2 m,und,12859147.418999925
4050130,URBANISMO - MOVIMIENTO DE TIERRA,Base y cañuela para camaras de inspeccion d=1.2 m,und,24246873.89958367
4050134,URBANISMO - MOVIMIENTO DE TIERRA,Ganchos para mh,und,15384588.151416956
4050136,URBANISMO - MOVIMIENTO DE TIERRA,Camara de caida,und,23380973.463392198
4050137,URBANISMO - MOVIMIENTO DE TIERRA,Silla yee novafort 200x160 mm,und,12404405.626391524
4050146,URBANISMO - MOVIMIENTO DE TIERRA,Codo pvc novafort,und,4493715.329712352
4050147,URBANISMO - MOVIMIENTO DE TIERRA,Concreto atraque tuberia,m3,4418552.1567021785
4050148,URBANISMO - MOVIMIENTO DE TIERRA,Acero de refuerzo,kg,1227826.4625655173
4050149,URBANISMO - MOVIMIENTO DE TIERRA,Lavado y televisacion,m,27929070.12236707
4050150,URBANISMO - MOVIMIENTO DE TIERRA,Domiciliar residuales,und,34672053.5955054
4050201,RED DE BOMBEO DE ALCANTARILLADO RESIDUALES,Excavacion mecanica entre 0-2 m,m3,6765262.824298972
4050208,RED DE BOMBEO DE ALCANTARILLADO RESIDUALES,Lleno material de reemplazo con limo interno,m3,14450940.647280995
4050212,RED DE BOMBEO DE ALCANTARILLADO RESIDUALES,Tuberia PEAD 90mm PE100 PN 16,m,38453619.605939195
4050219,RED DE BOMBEO DE ALCANTARILLADO RESIDUALES,Suministro e instalacion de codo 90° PEAD 90mm,und,1442563.9736777889
4050222,RED DE BOMBEO DE ALCANTARILLADO RESIDUALES,Construccion de pozo de bombeo,m,104390383.42436036
4050226,RED DE BOMBEO DE ALCANTARILLADO RESIDUALES,Equipo de bombeo incluye tablero de control,und,44079681.258867
4060101,RED ALCANTARILLADO LLUVIAS,Excavacion mecanica entre 0-2 m,m3,29175861.802114546
4060102,RED ALCANTARILLADO LLUVIAS,Excavacion mecanica entre 2-4 m,m3,12042325.163714733
4060105,RED ALCANTARILLADO LLUVIAS,Cargue y botada de material interno,m3,2084900.784972794
4060106,RED ALCANTARILLADO LLUVIAS,Entibados de madera para excavación de brechas de las redes,m2,30684070.04583493
4060108,RED ALCANTARILLADO LLUVIAS,Lleno material de reemplazo con limo interno,m3,67109809.76472567
4060111,RED ALCANTARILLADO LLUVIAS,"Lleno material granular triturado 3/4"" para cimentacion tuberias",m3,59127765.54805222
4060113,RED ALCANTARILLADO LLUVIAS,"Tuberia novafort 8""",m,31984103.714802023
4060115,RED ALCANTARILLADO LLUVIAS,"Tuberia novafort 12""",m,99441427.65536502
4060124,RED ALCANTARILLADO LLUVIAS,Cilindro vaciado para camaras de inspeccion d=1.2 m,m,9887990.961459178
4060125,RED ALCANTARILLADO LLUVIAS,Cilindro prefabricado para cámaras de inspeccion d=1.2 m,m,24232264.36894382
4060126,RED ALCANTARILLADO LLUVIAS,Cono prefabricado para camaras de inspeccion d=1.2 m,und,11934231.338685144
4060127,RED ALCANTARILLADO LLUVIAS,Cuello prefabricado para camaras de inspeccion d=1.2 m,und,6845136.93163555
4060168,RED ALCANTARILLADO LLUVIAS,Tapa prefabricada para camaras de inspeccion,und,6651283.147758582
4060128,RED ALCANTARILLADO LLUVIAS,Base y cañuela para camaras de inspeccion d=1.2 m,und,16721981.999712877
4060135,RED ALCANTARILLADO LLUVIAS,Ganchos para mh,und,7893964.706906828
4060136,RED ALCANTARILLADO LLUVIAS,Sumidero tipo b,und,82689200.24419348
4060148,RED ALCANTARILLADO LLUVIAS,Descole pequeño de descarga  (ASUMIDO),und,6747064.952228505
4060149,RED ALCANTARILLADO LLUVIAS,"Cabezote de descarga 12""  (ASUMIDO)",und,13881869.03879654
4060150,RED ALCANTARILLADO LLUVIAS,Camara de caida  (ASUMIDO),und,7483449.011354782
4060151,RED ALCANTARILLADO LLUVIAS,Canal trapezoidal  (ASUMIDO),m,92681943.88687827
4060152,RED ALCANTARILLADO LLUVIAS,Concreto atraque tuberia,m3,1694230.1214348846
4060154,RED ALCANTARILLADO LLUVIAS,Lavado y televisacion,m,22708795.87583995
4060157,RED ALCANTARILLADO LLUVIAS,Silla yee novafort 315x200 mm,und,4390362.265653677
4060160,RED ALCANTARILLADO LLUVIAS,"Codo pvc novafort 45""",und,7019916.811510436
4060169,RED ALCANTARILLADO LLUVIAS,Domiciliar lluvias,und,34672053.5955054
4060170,RED ALCANTARILLADO LLUVIAS,Tapa losa d=1.2 m  (ASUMIDO),und,5035302.883094228
4070101,RED DE GAS,Red de gas de 63 mm,m,26149376.34858554
4070102,RED DE GAS,Red de gas de 32 mm,m,18801780.795001872
4070103,RED DE GAS,Red de gas de 25 mm,m,12625870.189850515
4070104,RED DE GAS,Domiciliar gas PE100 25 mm,und,28488641.397813335
4070105,RED DE GAS,Mojon de señalizacion,und,2617555.4145440506
4070106,RED DE GAS,Polivalvula 63mm,und,4283272.12917044
4070108,RED DE GAS,Polivalvula 32mm,und,985152.5897092012
4080101,RED ELECTRICA OBRA CIVIL,Red primaria canalizada subterranea obra civil,m,73873612.39516899
4080102,RED ELECTRICA OBRA CIVIL,Suministro e instalación de red secundaria canalizada en aluminio obra civil,m,86797243.91982974
4080104,RED ELECTRICA OBRA CIVIL,Caja norma RS3-003 60x80 cm,und,69801826.44094735
4080105,RED ELECTRICA OBRA CIVIL,Caja norma RS3-005 120x80 cm,und,56415477.450099565
4080106,RED ELECTRICA OBRA CIVIL,Transformador 75 kva tipo pedestal obra civil,und,11357423.785368541
4080107,RED ELECTRICA OBRA CIVIL,Transformador 50 kva tipo pedestal obra civil,und,11357423.785368541
4080108,RED ELECTRICA OBRA CIVIL,Transformador 37.5 kva tipo pedestal obra civil,und,11357423.785368541
4080111,RED ELECTRICA OBRA CIVIL,Domiciliaria electrica obra civil,und,15479666.357687118
4080112,RED ELECTRICA OBRA CIVIL,Concreto atraque tuberia,m3,13824917.790908659
4080113,RED ELECTRICA OBRA CIVIL,Totem para domiciliaria obra civil,und,147464782.84163523
,RED ELECTRICA OBRA CIVIL,Totem para zona comun obra civil (transformadores y bombeos),und,14211852.535737041
4080201,RED ELECTRICA,Red primaria canalizada subterranea electricos,m,85912849.0386355
4080206,RED ELECTRICA,Transformador 75 kva tipo pedestal electricos,und,33229198.88369764
4080207,RED ELECTRICA,Transformador 50 kva tipo pedestal electricos,und,28759943.50044567
4080208,RED ELECTRICA,Transformador 37.5 kva tipo pedestal electricos,und,25188389.290781144
4080214,RED ELECTRICA,Norma RA6-010,und,20617077.154289104
4080218,RED ELECTRICA,Norma RA2-017 EPM,und,4776160.843115563
4080230,RED ELECTRICA,Regleta primaria,und,20895911.909842525
4080231,RED ELECTRICA,Regleta secundaria 4 vias,und,23186012.018143054
4080238,RED ELECTRICA,Domiciliar electrica para lotes-con medidor,und,91881327.86772934
4080240,RED ELECTRICA,Pruebas de cable VLF,und,10775781.514772682
4080241,RED ELECTRICA,Conexion red existente y maniobras de legalizacion,und,7857340.687855082
4080242,RED ELECTRICA,Proceso RETIE,und,13469726.89346585
4080244,RED ELECTRICA,Regleta secundaria 6 vias,und,8873469.563602095
4080247,RED ELECTRICA,Domiciliar electrica para zonas comunes de transformadores-con medidor,und,9630714.110491702
,RED ELECTRICA,Pruebas de aislamiento y relacion de transformacion transformador,und,3367431.7233664626
,RED ELECTRICA,Red secundaria en cable serie AA8000 2#4/0(F)+1#2/0(N),m,34671036.22987134
,RED ELECTRICA,Red secundaria en cable serie AA8000 2#2(F)+1#4(N),m,686217.6863941966
,RED ELECTRICA,Red secundaria en cable serie AA8000 2#250(F)+1#4/0(N),m,21118754.375632133
,RED ELECTRICA,Red secundaria en cable serie AA8000 2#350(F)+1#250(N),m,38719929.026988216
,RED ELECTRICA,Red secundaria en cable serie AA8000 2#2/0(F)+1#1/0(N),m,4480651.348034666
4090101,RED DE ILUMINACION  OBRA CIVIL,Luminaria de alumbrado publico LED solar 3000 - 3900 lm obra civil,und,39942943.38123105
4090201,RED DE ILUMINACION ELECTRICOS,Luminaria de alumbrado publico LED solar 3000 - 3900 lm,und,61135634.634061165
4090202,RED DE ILUMINACION ELECTRICOS,Proceso RETILAP,und,5051147.585049694
,RED DE TELECOMUNICACIONES,Construcción de red de telecomunicaciones costeado por m/vía (INTERNA),m,206154214.13900116
4110000,RED DE TELECOMUNICACIONES,URBANISMO - OBRAS COMPLEMENTARIAS,,98000000.00000003
4110100,RED DE TELECOMUNICACIONES,OBRAS COMPLEMENTARIAS,,98000000.00000003
4110102,RED DE TELECOMUNICACIONES,Construccion PTAR (ASUMIDO),und,98000000.00000003
4120101,FINALES PARA ENTREGAS,Mojones señalización lotes,und,7873960.534878031
4120102,FINALES PARA ENTREGAS,Adecuacion de lotes para entrega final,und,68162996.19567235
4210101,EXCAVACIONES,Excavacion cargue y botada interna de tierra medido en sitio,m3,33073253.813824136
4210103,EXCAVACIONES,Conformacion de material de excavacion en sitio de disposicion,m3,22829822.720398426
4210202,LLENOS,Perfilacion y compactacion de subrasante,m2,6983074.151217553
4210203,LLENOS,Lleno material de reemplazo con limo interno,m3,467931.1284246605
4220000,LLENOS,VIA EXTERNA  - VIA,,648104353.9730415
4220100,LLENOS,ESTRUCTURA,,527358871.3168316
4220101,LLENOS,Suministro transporte y colocacion de base granular,m3,216284814.3493316
4220104,LLENOS,Suministro transporte y colocación de cordon de las vias 35cm 3 caras,m,27110329.193143465
4220105,LLENOS,Imprimacion con emulsion asfaltica,m2,9618490.350173043
4220106,LLENOS,Suministro y colocacion de pavimento,m3,257526810.49438074
4220107,LLENOS,Suministro y colocacion de geomala biaxial,m2,16818426.92980277
4220200,LLENOS,FILTROS,,18612349.01071214
4220201,LLENOS,Filtro con alveodren colector,m,18612349.01071214
4220301,CUNETAS,"Cuneta en concreto  (Ancho:1.1m, h:0.2m)",m,46975344.559847176
4220400,CUNETAS,ANDENES,,39497777.85172159
4220401,CUNETAS,Andenes en concreto,m2,39497777.85172159
4220500,CUNETAS,VARIOS URBANISMO  - VIA,,15660011.23392903
4220501,CUNETAS,Señalizacion horizontal y vertical (ASUMIDO),und,15660011.23392903
4230101,RED DE DISTRIBUCION DE ACUEDUCTO,Excavacion mecanica entre 0-2 m,m3,2293353.0710559944
4230103,RED DE DISTRIBUCION DE ACUEDUCTO,Cargue y botada interno de tierra medido en sitio,m3,280923.89930252364
4230105,RED DE DISTRIBUCION DE ACUEDUCTO,Lleno material  de reemplazo con arenilla,m3,5745815.270343885
4230106,RED DE DISTRIBUCION DE ACUEDUCTO,Lleno material de excavacion,m3,3166724.669649321
4230107,RED DE DISTRIBUCION DE ACUEDUCTO,Tuberia  90mm PEAD PE100 PN 16,m,28440814.546628926
4230108,RED DE DISTRIBUCION DE ACUEDUCTO,Valvula compuerta,und,2515009.445313121
4230110,RED DE DISTRIBUCION DE ACUEDUCTO,Valvula ventosa,und,990750.8635696981
4230115,RED DE DISTRIBUCION DE ACUEDUCTO,Caja para valvula,und,2108233.144637088
4230118,RED DE DISTRIBUCION DE ACUEDUCTO,Hidrante,und,3989276.100460635
4230120,RED DE DISTRIBUCION DE ACUEDUCTO,Concreto atraque tuberia,m3,173489.1644349322
4230121,RED DE DISTRIBUCION DE ACUEDUCTO,Acero de refuerzo obras de urbanismo,kg,114821.67667383267
4230122,RED DE DISTRIBUCION DE ACUEDUCTO,Presurizacion,m,2807080.8270779816
4230123,RED DE DISTRIBUCION DE ACUEDUCTO,Lavada y desinfeccion,m,3691084.523463008
4260101,RED DE GAS,Red de gas de 63 mm,m,12799844.879337667
4260105,RED DE GAS,Mojon de señalizacion,und,654388.8536360126
4280101,RED DE ILUMINACION  OBRA CIVIL,Reflector LED SOLAR FLUX flujo continuo 7000 lumenes obra civil,und,21917821.992102824
4280201,RED DE ILUMINACION ELECTRICOS,Reflector LED SOLAR FLUX flujo continuo 7000 lumenes,und,50944698.19564234
4280202,RED DE ILUMINACION ELECTRICOS,Proceso RETILAP,und,5051147.585049694
,RED DE ILUMINACION ELECTRICOS,VIA EXTERNA RED DE TELECOMUNICACIONES,,45312236.57842022
,RED DE ILUMINACION ELECTRICOS,RED DE TELECOMUNICACIONES,,45312236.57842022
,RED DE ILUMINACION ELECTRICOS,Construcción de red de telecomunicaciones costeado por m/vía (EXTERNA),m,45312236.57842022
,RED DE ILUMINACION ELECTRICOS,"MOVIMIENTO DE TIERRA DE LOTES 33,34,45",,89270551.04884528
,RED DE ILUMINACION ELECTRICOS,"MOVIMIENTO DE TIERRA DE LOTES 33,34,45",,89270551.04884528
,RED DE ILUMINACION ELECTRICOS,corte y disposicion final dentro del proyecto,m3,41525408.982118
,RED DE ILUMINACION ELECTRICOS,lleno para conformacion de terraza,m3,1172428.4000000001
,RED DE ILUMINACION ELECTRICOS,engramado de taludes resultantes del movimiento de tierra,m2,6783682.6292
,RED DE ILUMINACION ELECTRICOS,lleno material sobrante de excavación en el lote que se defina,m3,18965060.400000002
,RED DE ILUMINACION ELECTRICOS,Localizacion y replanteo,dia,1470512.1583937956
,RED DE ILUMINACION ELECTRICOS,Elaboración de planor record,und,3000000.0
,RED DE ILUMINACION ELECTRICOS,Disposición final de raíces (ASUMIDO),und,16353458.479133474
,RED DE ILUMINACION ELECTRICOS,PORTERIA,,681668702.4605577
,RED DE ILUMINACION ELECTRICOS,PORTERIA,,681668702.4605577
,RED DE ILUMINACION ELECTRICOS,Construccion de porteria,m2,453132837.4686025
,RED DE ILUMINACION ELECTRICOS,Cubierta metalica para la portería,m2,184443215.30671015
,RED DE ILUMINACION ELECTRICOS,Puertas vehículares y peatonal,und,44092649.685245015
5010103,CONSUMIBLE,Herramienta menor,mes,11803968.160195794
6010101,SEGURIDAD Y SALUD EN EL TRABAJO,Seguridad industrial en obra,mes,17583292.53229473
6010102,SEGURIDAD Y SALUD EN EL TRABAJO,Dotacion personal de obra,und,14143213.238139145
6010201,CONTROL AMBIENTAL,Manejo ambiental de obra,mes,41419798.97020244
6010206,CONTROL AMBIENTAL,Plan de manejo de transito (no incluye informe),und,22732405.905787315
7010101,GASTOS ADMINISTRATIVOS,Caja menor,mes,7637125.525970359
7010102,GASTOS ADMINISTRATIVOS,Ensayos y asesorias de laboratorio,mes,20017076.340556007
7010103,GASTOS ADMINISTRATIVOS,Servicios publicos provisionales de acueducto / alcantarillado,mes,5960886.05864889
7010104,GASTOS ADMINISTRATIVOS,Servicios publicos provisionales de energia,mes,9077297.56799595
7010105,GASTOS ADMINISTRATIVOS,Servicio publico internet y telefono,mes,2452783.3098191507
7010106,GASTOS ADMINISTRATIVOS,Elementos de cafeteria y aseo,mes,6333016.594411194
7010107,GASTOS ADMINISTRATIVOS,Elementos de papeleria,mes,1824025.5168235006
7010108,GASTOS ADMINISTRATIVOS,Servicio de vigilancia privada,mes,115751270.2632061
7010111,GASTOS ADMINISTRATIVOS,Impresion de planos record,mes,3809303.7905787206
7010112,GASTOS ADMINISTRATIVOS,Acarreos,mes,120387829.16435885
7010113,GASTOS ADMINISTRATIVOS,Transporte de personal,mes,291844082.6917601
7010201,PERSONAL DIRECCION DE OBRA,Director de obra (Dedicación 30%),mes,52252246.10786918
7010206,PERSONAL DIRECCION DE OBRA,Residente de urbanismo (Dedicación 100%),mes,97448546.30933873
7010207,PERSONAL DIRECCION DE OBRA,Residente electrico (Dedicación 25%),mes,12134603.354495862
7010208,PERSONAL DIRECCION DE OBRA,Residente de seguridad industrial (Dedicación 100%),mes,52331721.23438984
7010209,PERSONAL DIRECCION DE OBRA,Residente ambiental (Dedicación 20%),mes,9329523.23277414
7010214,PERSONAL DIRECCION DE OBRA,Auxiliar administrativo (Dedicación 50%),mes,19386832.792682894
7010215,PERSONAL DIRECCION DE OBRA,Auxiliar ingenieria (Dedicación 80%),mes,27055788.200028587
7010304,PERSONAL OPERATIVO DE OBRA,Maestro urbanismo (Dedicación 100%),mes,60544263.18890798
7010308,PERSONAL OPERATIVO DE OBRA,Almacenista (Dedicación 100%),mes,73014439.81383593
7010310,PERSONAL OPERATIVO DE OBRA,Ayudante todero (2 ayudantes) (Dedicación 100%),mes,76899678.37036818
7010318,PERSONAL OPERATIVO DE OBRA,Portero de obra (Dedicación 100%),mes,38449839.18518409
7010321,PERSONAL OPERATIVO DE OBRA,Oficial (Dedicación 100%),mes,53924521.45701544
